ISO2,ISO3,Pays,Region,Indicatif,E164_prefixe_plus,E164_prefixe_num,MSISDN_len_min,MSISDN_len_max,E164_len_total_min,E164_len_total_max,format_court_len_min,format_court_len_max,regex_E164_sans_plus,regex_E164_avec_plus,MSISDN_note,MCC,MNC,PLMN,Operateur,MCC_list
AF,AFG,Afghanistan,Asie centrale,93,+93,93,9,9,11,11,9,9,^93\d{9}$,^\+93\d{9}$,9 chiffres après +93,412.0,20.0,41220,Roshan,412
AF,AFG,Afghanistan,Asie centrale,93,+93,93,9,9,11,11,9,9,^93\d{9}$,^\+93\d{9}$,9 chiffres après +93,412.0,40.0,41240,Afghan Wireless,412
AF,AFG,Afghanistan,Asie centrale,93,+93,93,9,9,11,11,9,9,^93\d{9}$,^\+93\d{9}$,9 chiffres après +93,412.0,50.0,41250,MTN AF,412
AF,AFG,Afghanistan,Asie centrale,93,+93,93,9,9,11,11,9,9,^93\d{9}$,^\+93\d{9}$,9 chiffres après +93,412.0,80.0,41280,Salaam,412
ZA,ZAF,Afrique du Sud,Afrique australe,27,+27,27,7,12,9,14,7,12,"^27\d{7,12}$","^\+27\d{7,12}$",E.164 générique (7-12 chiffres),655.0,1.0,65501,Vodacom ZA,655
ZA,ZAF,Afrique du Sud,Afrique australe,27,+27,27,7,12,9,14,7,12,"^27\d{7,12}$","^\+27\d{7,12}$",E.164 générique (7-12 chiffres),655.0,7.0,65507,Cell C,655
ZA,ZAF,Afrique du Sud,Afrique australe,27,+27,27,7,12,9,14,7,12,"^27\d{7,12}$","^\+27\d{7,12}$",E.164 générique (7-12 chiffres),655.0,10.0,65510,MTN ZA,655
AL,ALB,Albanie,Europe du Sud,355,+355,355,7,12,10,15,7,12,"^355\d{7,12}$","^\+355\d{7,12}$",E.164 générique (7-12 chiffres),276.0,1.0,27601,ALBtelecom,276
AL,ALB,Albanie,Europe du Sud,355,+355,355,7,12,10,15,7,12,"^355\d{7,12}$","^\+355\d{7,12}$",E.164 générique (7-12 chiffres),276.0,2.0,27602,Vodafone AL,276
DZ,DZA,Algérie,Afrique du Nord,213,+213,213,9,9,12,12,9,9,^213\d{9}$,^\+213\d{9}$,9 chiffres après +213,603.0,1.0,60301,Mobilis,603
DZ,DZA,Algérie,Afrique du Nord,213,+213,213,9,9,12,12,9,9,^213\d{9}$,^\+213\d{9}$,9 chiffres après +213,603.0,2.0,60302,Djezzy,603
DZ,DZA,Algérie,Afrique du Nord,213,+213,213,9,9,12,12,9,9,^213\d{9}$,^\+213\d{9}$,9 chiffres après +213,603.0,3.0,60303,Ooredoo DZ,603
DE,DEU,Allemagne,Europe de l'Ouest,49,+49,49,10,11,12,13,10,11,"^49\d{10,11}$","^\+49\d{10,11}$",10-11 chiffres après +49,262.0,1.0,26201,Telekom DE,262
DE,DEU,Allemagne,Europe de l'Ouest,49,+49,49,10,11,12,13,10,11,"^49\d{10,11}$","^\+49\d{10,11}$",10-11 chiffres après +49,262.0,2.0,26202,Vodafone DE,262
DE,DEU,Allemagne,Europe de l'Ouest,49,+49,49,10,11,12,13,10,11,"^49\d{10,11}$","^\+49\d{10,11}$",10-11 chiffres après +49,262.0,7.0,26207,O2 DE,262
DE,DEU,Allemagne,Europe de l'Ouest,49,+49,49,10,11,12,13,10,11,"^49\d{10,11}$","^\+49\d{10,11}$",10-11 chiffres après +49,262.0,77.0,26277,E-Plus,262
AD,AND,Andorre,Europe du Sud,376,+376,376,7,12,10,15,7,12,"^376\d{7,12}$","^\+376\d{7,12}$",E.164 générique (7-12 chiffres),213.0,3.0,21303,Mobiland,213
AO,AGO,Angola,Afrique centrale,244,+244,244,7,12,10,15,7,12,"^244\d{7,12}$","^\+244\d{7,12}$",E.164 générique (7-12 chiffres),631.0,2.0,63102,Unitel AO,631
AI,AIA,Anguilla,Amérique centrale et Caraïbes,1264,+1264,1264,7,12,11,16,7,12,"^1264\d{7,12}$","^\+1264\d{7,12}$",E.164 générique (7-12 chiffres),,,,,
AG,ATG,Antigua-et-Barbuda,Caraïbes,1268,+1268,1268,7,12,11,16,7,12,"^1268\d{7,12}$","^\+1268\d{7,12}$",E.164 générique (7-12 chiffres),,,,,344
SA,SAU,Arabie Saoudite,Proche-Orient,966,+966,966,9,9,12,12,9,9,^966\d{9}$,^\+966\d{9}$,9 chiffres après +966,420.0,1.0,42001,STC SA,420
SA,SAU,Arabie Saoudite,Proche-Orient,966,+966,966,9,9,12,12,9,9,^966\d{9}$,^\+966\d{9}$,9 chiffres après +966,420.0,3.0,42003,Mobily,420
SA,SAU,Arabie Saoudite,Proche-Orient,966,+966,966,9,9,12,12,9,9,^966\d{9}$,^\+966\d{9}$,9 chiffres après +966,420.0,4.0,42004,Zain SA,420
AR,ARG,Argentine,Amérique du Sud,54,+54,54,7,12,9,14,7,12,"^54\d{7,12}$","^\+54\d{7,12}$",E.164 générique (7-12 chiffres),722.0,10.0,72210,Movistar AR,722
AR,ARG,Argentine,Amérique du Sud,54,+54,54,7,12,9,14,7,12,"^54\d{7,12}$","^\+54\d{7,12}$",E.164 générique (7-12 chiffres),722.0,70.0,72270,Claro AR,722
AR,ARG,Argentine,Amérique du Sud,54,+54,54,7,12,9,14,7,12,"^54\d{7,12}$","^\+54\d{7,12}$",E.164 générique (7-12 chiffres),722.0,310.0,722310,Personal,722
AM,ARM,Arménie,Caucase,374,+374,374,8,8,11,11,8,8,^374\d{8}$,^\+374\d{8}$,8 chiffres après +374,283.0,1.0,28301,ArmenTel,283
AM,ARM,Arménie,Caucase,374,+374,374,8,8,11,11,8,8,^374\d{8}$,^\+374\d{8}$,8 chiffres après +374,283.0,5.0,28305,VivaCell-MTS,283
AW,ABW,Aruba,Amérique centrale et Caraïbes,297,+297,297,7,12,10,15,7,12,"^297\d{7,12}$","^\+297\d{7,12}$",E.164 générique (7-12 chiffres),,,,,
AU,AUS,Australie,Océanie,61,+61,61,7,12,9,14,7,12,"^61\d{7,12}$","^\+61\d{7,12}$",E.164 générique (7-12 chiffres),,,,,505
AT,AUT,Autriche,Europe de l'Ouest,43,+43,43,7,12,9,14,7,12,"^43\d{7,12}$","^\+43\d{7,12}$",E.164 générique (7-12 chiffres),232.0,1.0,23201,A1 AT,232
AT,AUT,Autriche,Europe de l'Ouest,43,+43,43,7,12,9,14,7,12,"^43\d{7,12}$","^\+43\d{7,12}$",E.164 générique (7-12 chiffres),232.0,3.0,23203,Magenta AT,232
AT,AUT,Autriche,Europe de l'Ouest,43,+43,43,7,12,9,14,7,12,"^43\d{7,12}$","^\+43\d{7,12}$",E.164 générique (7-12 chiffres),232.0,5.0,23205,3 Austria,232
AZ,AZE,Azerbaïdjan,Caucase,994,+994,994,9,9,12,12,9,9,^994\d{9}$,^\+994\d{9}$,9 chiffres après +994,400.0,1.0,40001,Azercell,400
AZ,AZE,Azerbaïdjan,Caucase,994,+994,994,9,9,12,12,9,9,^994\d{9}$,^\+994\d{9}$,9 chiffres après +994,400.0,2.0,40002,Bakcell,400
AZ,AZE,Azerbaïdjan,Caucase,994,+994,994,9,9,12,12,9,9,^994\d{9}$,^\+994\d{9}$,9 chiffres après +994,400.0,4.0,40004,Nar Mobile,400
BS,BHS,Bahamas,Caraïbes,1242,+1242,1242,7,12,11,16,7,12,"^1242\d{7,12}$","^\+1242\d{7,12}$",E.164 générique (7-12 chiffres),,,,,364
BH,BHR,Bahreïn,Proche-Orient,973,+973,973,8,8,11,11,8,8,^973\d{8}$,^\+973\d{8}$,8 chiffres après +973,426.0,1.0,42601,Batelco,426
BH,BHR,Bahreïn,Proche-Orient,973,+973,973,8,8,11,11,8,8,^973\d{8}$,^\+973\d{8}$,8 chiffres après +973,426.0,2.0,42602,Zain BH,426
BD,BGD,Bangladesh,Asie du Sud,880,+880,880,7,12,10,15,7,12,"^880\d{7,12}$","^\+880\d{7,12}$",E.164 générique (7-12 chiffres),470.0,1.0,47001,Grameenphone,470
BD,BGD,Bangladesh,Asie du Sud,880,+880,880,7,12,10,15,7,12,"^880\d{7,12}$","^\+880\d{7,12}$",E.164 générique (7-12 chiffres),470.0,3.0,47003,Robi,470
BB,BRB,Barbade,Amérique centrale et Caraïbes,1246,+1246,1246,7,12,11,16,7,12,"^1246\d{7,12}$","^\+1246\d{7,12}$",E.164 générique (7-12 chiffres),,,,,
BE,BEL,Belgique,Europe de l'Ouest,32,+32,32,7,12,9,14,7,12,"^32\d{7,12}$","^\+32\d{7,12}$",E.164 générique (7-12 chiffres),206.0,1.0,20601,Proximus,206
BE,BEL,Belgique,Europe de l'Ouest,32,+32,32,7,12,9,14,7,12,"^32\d{7,12}$","^\+32\d{7,12}$",E.164 générique (7-12 chiffres),206.0,10.0,20610,Orange BE,206
BE,BEL,Belgique,Europe de l'Ouest,32,+32,32,7,12,9,14,7,12,"^32\d{7,12}$","^\+32\d{7,12}$",E.164 générique (7-12 chiffres),206.0,20.0,20620,Base,206
BZ,BLZ,Belize,Amérique centrale,501,+501,501,7,12,10,15,7,12,"^501\d{7,12}$","^\+501\d{7,12}$",E.164 générique (7-12 chiffres),702.0,67.0,70267,DigiCell BZ,702
BM,BMU,Bermudes,Amérique centrale et Caraïbes,1441,+1441,1441,7,12,11,16,7,12,"^1441\d{7,12}$","^\+1441\d{7,12}$",E.164 générique (7-12 chiffres),,,,,
BT,BTN,Bhoutan,Asie du Sud,975,+975,975,7,12,10,15,7,12,"^975\d{7,12}$","^\+975\d{7,12}$",E.164 générique (7-12 chiffres),,,,,402
BY,BLR,Biélorussie,Europe de l'Est,375,+375,375,7,12,10,15,7,12,"^375\d{7,12}$","^\+375\d{7,12}$",E.164 générique (7-12 chiffres),257.0,1.0,25701,A1 BY,257
BY,BLR,Biélorussie,Europe de l'Est,375,+375,375,7,12,10,15,7,12,"^375\d{7,12}$","^\+375\d{7,12}$",E.164 générique (7-12 chiffres),257.0,2.0,25702,MTS BY,257
BO,BOL,Bolivie,Amérique du Sud,591,+591,591,7,12,10,15,7,12,"^591\d{7,12}$","^\+591\d{7,12}$",E.164 générique (7-12 chiffres),736.0,1.0,73601,Entel BO,736
BA,BIH,Bosnie-Herzégovine,Europe du Sud,387,+387,387,7,12,10,15,7,12,"^387\d{7,12}$","^\+387\d{7,12}$",E.164 générique (7-12 chiffres),218.0,3.0,21803,HT Eronet,218
BA,BIH,Bosnie-Herzégovine,Europe du Sud,387,+387,387,7,12,10,15,7,12,"^387\d{7,12}$","^\+387\d{7,12}$",E.164 générique (7-12 chiffres),218.0,5.0,21805,BH Mobile,218
BA,BIH,Bosnie-Herzégovine,Europe du Sud,387,+387,387,7,12,10,15,7,12,"^387\d{7,12}$","^\+387\d{7,12}$",E.164 générique (7-12 chiffres),218.0,90.0,21890,m:tel,218
BW,BWA,Botswana,Afrique australe,267,+267,267,7,12,10,15,7,12,"^267\d{7,12}$","^\+267\d{7,12}$",E.164 générique (7-12 chiffres),652.0,1.0,65201,BTC BW,652
BN,BRN,Brunei,Asie du Sud-Est,673,+673,673,7,12,10,15,7,12,"^673\d{7,12}$","^\+673\d{7,12}$",E.164 générique (7-12 chiffres),,,,,528
BR,BRA,Brésil,Amérique du Sud,55,+55,55,7,12,9,14,7,12,"^55\d{7,12}$","^\+55\d{7,12}$",E.164 générique (7-12 chiffres),724.0,5.0,72405,Claro BR,724
BR,BRA,Brésil,Amérique du Sud,55,+55,55,7,12,9,14,7,12,"^55\d{7,12}$","^\+55\d{7,12}$",E.164 générique (7-12 chiffres),724.0,6.0,72406,Vivo,724
BR,BRA,Brésil,Amérique du Sud,55,+55,55,7,12,9,14,7,12,"^55\d{7,12}$","^\+55\d{7,12}$",E.164 générique (7-12 chiffres),724.0,10.0,72410,TIM BR,724
BG,BGR,Bulgarie,Europe de l'Est,359,+359,359,7,12,10,15,7,12,"^359\d{7,12}$","^\+359\d{7,12}$",E.164 générique (7-12 chiffres),284.0,1.0,28401,A1 BG,284
BG,BGR,Bulgarie,Europe de l'Est,359,+359,359,7,12,10,15,7,12,"^359\d{7,12}$","^\+359\d{7,12}$",E.164 générique (7-12 chiffres),284.0,5.0,28405,Telenor BG,284
BF,BFA,Burkina Faso,Afrique de l'Ouest,226,+226,226,7,12,10,15,7,12,"^226\d{7,12}$","^\+226\d{7,12}$",E.164 générique (7-12 chiffres),613.0,3.0,61303,Orange BF,613
BI,BDI,Burundi,Afrique de l'Est,257,+257,257,7,12,10,15,7,12,"^257\d{7,12}$","^\+257\d{7,12}$",E.164 générique (7-12 chiffres),642.0,82.0,64282,Lumitel,642
BJ,BEN,Bénin,Afrique de l'Ouest,229,+229,229,7,12,10,15,7,12,"^229\d{7,12}$","^\+229\d{7,12}$",E.164 générique (7-12 chiffres),616.0,2.0,61602,MTN BJ,616
KH,KHM,Cambodge,Asie du Sud-Est,855,+855,855,7,12,10,15,7,12,"^855\d{7,12}$","^\+855\d{7,12}$",E.164 générique (7-12 chiffres),456.0,1.0,45601,Cellcard,456
CM,CMR,Cameroun,Afrique centrale,237,+237,237,7,12,10,15,7,12,"^237\d{7,12}$","^\+237\d{7,12}$",E.164 générique (7-12 chiffres),624.0,1.0,62401,MTN CM,624
CA,CAN,Canada,Amérique du Nord,1,+1,1,10,10,11,11,10,10,^1\d{10}$,^\+1\d{10}$,10 chiffres après +1,302.0,220.0,302220,Telus,302
CA,CAN,Canada,Amérique du Nord,1,+1,1,10,10,11,11,10,10,^1\d{10}$,^\+1\d{10}$,10 chiffres après +1,302.0,370.0,302370,Fido,302
CA,CAN,Canada,Amérique du Nord,1,+1,1,10,10,11,11,10,10,^1\d{10}$,^\+1\d{10}$,10 chiffres après +1,302.0,610.0,302610,Bell,302
CA,CAN,Canada,Amérique du Nord,1,+1,1,10,10,11,11,10,10,^1\d{10}$,^\+1\d{10}$,10 chiffres après +1,302.0,720.0,302720,Rogers,302
CV,CPV,Cap-Vert,Afrique de l'Ouest,238,+238,238,7,12,10,15,7,12,"^238\d{7,12}$","^\+238\d{7,12}$",E.164 générique (7-12 chiffres),625.0,1.0,62501,CVMóvel,625
CF,CAF,Centrafrique,Afrique centrale,236,+236,236,7,12,10,15,7,12,"^236\d{7,12}$","^\+236\d{7,12}$",E.164 générique (7-12 chiffres),,,,,623
CL,CHL,Chili,Amérique du Sud,56,+56,56,7,12,9,14,7,12,"^56\d{7,12}$","^\+56\d{7,12}$",E.164 générique (7-12 chiffres),730.0,1.0,73001,Entel CL,730
CN,CHN,Chine,Asie de l'Est,86,+86,86,11,11,13,13,11,11,^86\d{11}$,^\+86\d{11}$,11 chiffres après +86,460.0,0.0,46000,China Mobile,460|461
CN,CHN,Chine,Asie de l'Est,86,+86,86,11,11,13,13,11,11,^86\d{11}$,^\+86\d{11}$,11 chiffres après +86,460.0,1.0,46001,China Unicom,460|461
CN,CHN,Chine,Asie de l'Est,86,+86,86,11,11,13,13,11,11,^86\d{11}$,^\+86\d{11}$,11 chiffres après +86,460.0,3.0,46003,China Telecom,460|461
CY,CYP,Chypre,Europe du Sud,357,+357,357,7,12,10,15,7,12,"^357\d{7,12}$","^\+357\d{7,12}$",E.164 générique (7-12 chiffres),280.0,10.0,28010,Cytamobile,280
CO,COL,Colombie,Amérique du Sud,57,+57,57,7,12,9,14,7,12,"^57\d{7,12}$","^\+57\d{7,12}$",E.164 générique (7-12 chiffres),732.0,101.0,732101,Claro CO,732
KM,COM,Comores,Afrique de l'Est,269,+269,269,7,12,10,15,7,12,"^269\d{7,12}$","^\+269\d{7,12}$",E.164 générique (7-12 chiffres),654.0,1.0,65401,Comoros Telecom,654
CG,COG,Congo,Afrique centrale,242,+242,242,7,12,10,15,7,12,"^242\d{7,12}$","^\+242\d{7,12}$",E.164 générique (7-12 chiffres),629.0,1.0,62901,MTN CG,629
KP,PRK,Corée du Nord,Asie de l'Est,850,+850,850,7,12,10,15,7,12,"^850\d{7,12}$","^\+850\d{7,12}$",E.164 générique (7-12 chiffres),,,,,
KR,KOR,Corée du Sud,Asie de l'Est,82,+82,82,7,12,9,14,7,12,"^82\d{7,12}$","^\+82\d{7,12}$",E.164 générique (7-12 chiffres),450.0,5.0,45005,SK Telecom,
KR,KOR,Corée du Sud,Asie de l'Est,82,+82,82,7,12,9,14,7,12,"^82\d{7,12}$","^\+82\d{7,12}$",E.164 générique (7-12 chiffres),450.0,8.0,45008,KT Corp,
CR,CRI,Costa Rica,Amérique centrale,506,+506,506,7,12,10,15,7,12,"^506\d{7,12}$","^\+506\d{7,12}$",E.164 générique (7-12 chiffres),712.0,1.0,71201,Kolbi,712
HR,HRV,Croatie,Europe du Sud,385,+385,385,7,12,10,15,7,12,"^385\d{7,12}$","^\+385\d{7,12}$",E.164 générique (7-12 chiffres),219.0,1.0,21901,T-Mobile HR,219
HR,HRV,Croatie,Europe du Sud,385,+385,385,7,12,10,15,7,12,"^385\d{7,12}$","^\+385\d{7,12}$",E.164 générique (7-12 chiffres),219.0,10.0,21910,A1 HR,219
CU,CUB,Cuba,Caraïbes,53,+53,53,7,12,9,14,7,12,"^53\d{7,12}$","^\+53\d{7,12}$",E.164 générique (7-12 chiffres),,,,,368
CW,CUW,Curaçao,Amérique centrale et Caraïbes,599,+599,599,7,12,10,15,7,12,"^599\d{7,12}$","^\+599\d{7,12}$",E.164 générique (7-12 chiffres),,,,,
CI,CIV,Côte d'Ivoire,Afrique de l'Ouest,225,+225,225,7,12,10,15,7,12,"^225\d{7,12}$","^\+225\d{7,12}$",E.164 générique (7-12 chiffres),612.0,3.0,61203,Orange CI,612
DK,DNK,Danemark,Europe du Nord,45,+45,45,7,12,9,14,7,12,"^45\d{7,12}$","^\+45\d{7,12}$",E.164 générique (7-12 chiffres),238.0,1.0,23801,TDC,238
DK,DNK,Danemark,Europe du Nord,45,+45,45,7,12,9,14,7,12,"^45\d{7,12}$","^\+45\d{7,12}$",E.164 générique (7-12 chiffres),238.0,2.0,23802,Telenor DK,238
DK,DNK,Danemark,Europe du Nord,45,+45,45,7,12,9,14,7,12,"^45\d{7,12}$","^\+45\d{7,12}$",E.164 générique (7-12 chiffres),238.0,6.0,23806,3 DK,238
DJ,DJI,Djibouti,Afrique de l'Est,253,+253,253,7,12,10,15,7,12,"^253\d{7,12}$","^\+253\d{7,12}$",E.164 générique (7-12 chiffres),638.0,1.0,63801,Djibouti Telecom,638
DM,DMA,Dominique,Caraïbes,1767,+1767,1767,7,12,11,16,7,12,"^1767\d{7,12}$","^\+1767\d{7,12}$",E.164 générique (7-12 chiffres),,,,,366
SV,SLV,El Salvador,Amérique centrale,503,+503,503,7,12,10,15,7,12,"^503\d{7,12}$","^\+503\d{7,12}$",E.164 générique (7-12 chiffres),706.0,4.0,70604,Tigo SV,706
ES,ESP,Espagne,Europe du Sud,34,+34,34,7,12,9,14,7,12,"^34\d{7,12}$","^\+34\d{7,12}$",E.164 générique (7-12 chiffres),214.0,1.0,21401,Vodafone ES,214
ES,ESP,Espagne,Europe du Sud,34,+34,34,7,12,9,14,7,12,"^34\d{7,12}$","^\+34\d{7,12}$",E.164 générique (7-12 chiffres),214.0,3.0,21403,Orange ES,214
ES,ESP,Espagne,Europe du Sud,34,+34,34,7,12,9,14,7,12,"^34\d{7,12}$","^\+34\d{7,12}$",E.164 générique (7-12 chiffres),214.0,7.0,21407,Movistar,214
EE,EST,Estonie,Europe du Nord,372,+372,372,7,12,10,15,7,12,"^372\d{7,12}$","^\+372\d{7,12}$",E.164 générique (7-12 chiffres),248.0,1.0,24801,Telia EE,248
EE,EST,Estonie,Europe du Nord,372,+372,372,7,12,10,15,7,12,"^372\d{7,12}$","^\+372\d{7,12}$",E.164 générique (7-12 chiffres),248.0,2.0,24802,Tele2 EE,248
EE,EST,Estonie,Europe du Nord,372,+372,372,7,12,10,15,7,12,"^372\d{7,12}$","^\+372\d{7,12}$",E.164 générique (7-12 chiffres),248.0,3.0,24803,Elisa EE,248
SZ,SWZ,Eswatini,Afrique australe,268,+268,268,7,12,10,15,7,12,"^268\d{7,12}$","^\+268\d{7,12}$",E.164 générique (7-12 chiffres),653.0,10.0,65310,MTN SZ,653
FJ,FJI,Fidji,Océanie,679,+679,679,7,12,10,15,7,12,"^679\d{7,12}$","^\+679\d{7,12}$",E.164 générique (7-12 chiffres),542.0,1.0,54201,Vodafone FJ,542
FI,FIN,Finlande,Europe du Nord,358,+358,358,7,12,10,15,7,12,"^358\d{7,12}$","^\+358\d{7,12}$",E.164 générique (7-12 chiffres),244.0,3.0,24403,DNA FI,244
FI,FIN,Finlande,Europe du Nord,358,+358,358,7,12,10,15,7,12,"^358\d{7,12}$","^\+358\d{7,12}$",E.164 générique (7-12 chiffres),244.0,5.0,24405,Elisa,244
FI,FIN,Finlande,Europe du Nord,358,+358,358,7,12,10,15,7,12,"^358\d{7,12}$","^\+358\d{7,12}$",E.164 générique (7-12 chiffres),244.0,91.0,24491,Telia FI,244
FR,FRA,France,Europe de l'Ouest,33,+33,33,9,9,11,11,9,9,^33\d{9}$,^\+33\d{9}$,9 chiffres après +33,208.0,1.0,20801,Orange FR,208
FR,FRA,France,Europe de l'Ouest,33,+33,33,9,9,11,11,9,9,^33\d{9}$,^\+33\d{9}$,9 chiffres après +33,208.0,10.0,20810,SFR,208
FR,FRA,France,Europe de l'Ouest,33,+33,33,9,9,11,11,9,9,^33\d{9}$,^\+33\d{9}$,9 chiffres après +33,208.0,20.0,20820,Bouygues,208
FR,FRA,France,Europe de l'Ouest,33,+33,33,9,9,11,11,9,9,^33\d{9}$,^\+33\d{9}$,9 chiffres après +33,208.0,25.0,20825,La Poste Mobile,208
GA,GAB,Gabon,Afrique centrale,241,+241,241,7,12,10,15,7,12,"^241\d{7,12}$","^\+241\d{7,12}$",E.164 générique (7-12 chiffres),628.0,1.0,62801,Airtel GA,628
GM,GMB,Gambie,Afrique de l'Ouest,220,+220,220,7,12,10,15,7,12,"^220\d{7,12}$","^\+220\d{7,12}$",E.164 générique (7-12 chiffres),607.0,1.0,60701,Africell GM,607
GH,GHA,Ghana,Afrique de l'Ouest,233,+233,233,7,12,10,15,7,12,"^233\d{7,12}$","^\+233\d{7,12}$",E.164 générique (7-12 chiffres),620.0,1.0,62001,MTN GH,620
GI,GIB,Gibraltar,Europe du Sud,350,+350,350,7,12,10,15,7,12,"^350\d{7,12}$","^\+350\d{7,12}$",E.164 générique (7-12 chiffres),,,,,
GD,GRD,Grenade,Amérique centrale et Caraïbes,1473,+1473,1473,7,12,11,16,7,12,"^1473\d{7,12}$","^\+1473\d{7,12}$",E.164 générique (7-12 chiffres),,,,,
GL,GRL,Groenland,Amérique du Nord,299,+299,299,7,12,10,15,7,12,"^299\d{7,12}$","^\+299\d{7,12}$",E.164 générique (7-12 chiffres),290.0,1.0,29001,Tele Greenland,290
GR,GRC,Grèce,Europe du Sud,30,+30,30,7,12,9,14,7,12,"^30\d{7,12}$","^\+30\d{7,12}$",E.164 générique (7-12 chiffres),202.0,1.0,20201,Cosmote,202
GR,GRC,Grèce,Europe du Sud,30,+30,30,7,12,9,14,7,12,"^30\d{7,12}$","^\+30\d{7,12}$",E.164 générique (7-12 chiffres),202.0,5.0,20205,Vodafone GR,202
GR,GRC,Grèce,Europe du Sud,30,+30,30,7,12,9,14,7,12,"^30\d{7,12}$","^\+30\d{7,12}$",E.164 générique (7-12 chiffres),202.0,10.0,20210,Wind Hellas,202
GP,GLP,Guadeloupe,Amérique centrale et Caraïbes,590,+590,590,7,12,10,15,7,12,"^590\d{7,12}$","^\+590\d{7,12}$",E.164 générique (7-12 chiffres),,,,,
GU,GUM,Guam,Océanie,1671,+1671,1671,7,12,11,16,7,12,"^1671\d{7,12}$","^\+1671\d{7,12}$",E.164 générique (7-12 chiffres),,,,,
GT,GTM,Guatemala,Amérique centrale,502,+502,502,7,12,10,15,7,12,"^502\d{7,12}$","^\+502\d{7,12}$",E.164 générique (7-12 chiffres),704.0,2.0,70402,Tigo GT,704
GG,GGY,Guernesey,Europe de l'Ouest,44,+44,44,7,12,9,14,7,12,"^44\d{7,12}$","^\+44\d{7,12}$",E.164 générique (7-12 chiffres),,,,,
GN,GIN,Guinée,Afrique de l'Ouest,224,+224,224,7,12,10,15,7,12,"^224\d{7,12}$","^\+224\d{7,12}$",E.164 générique (7-12 chiffres),611.0,2.0,61102,Orange GN,611
GQ,GNQ,Guinée équatoriale,Afrique centrale,240,+240,240,7,12,10,15,7,12,"^240\d{7,12}$","^\+240\d{7,12}$",E.164 générique (7-12 chiffres),632.0,1.0,63201,Orange GQ,632
GW,GNB,Guinée-Bissau,Afrique de l'Ouest,245,+245,245,7,12,10,15,7,12,"^245\d{7,12}$","^\+245\d{7,12}$",E.164 générique (7-12 chiffres),,,,,632
GY,GUY,Guyana,Amérique du Sud,592,+592,592,7,12,10,15,7,12,"^592\d{7,12}$","^\+592\d{7,12}$",E.164 générique (7-12 chiffres),738.0,1.0,73801,Digicel GY,738
GF,GUF,Guyane française,Amérique du Sud,594,+594,594,7,12,10,15,7,12,"^594\d{7,12}$","^\+594\d{7,12}$",E.164 générique (7-12 chiffres),,,,,
GE,GEO,Géorgie,Caucase,995,+995,995,9,9,12,12,9,9,^995\d{9}$,^\+995\d{9}$,9 chiffres après +995,282.0,1.0,28201,Geocell,282
GE,GEO,Géorgie,Caucase,995,+995,995,9,9,12,12,9,9,^995\d{9}$,^\+995\d{9}$,9 chiffres après +995,282.0,2.0,28202,Magti,282
GE,GEO,Géorgie,Caucase,995,+995,995,9,9,12,12,9,9,^995\d{9}$,^\+995\d{9}$,9 chiffres après +995,282.0,4.0,28204,Beeline GE,282
GS,SGS,Géorgie du Sud,Atlantique Sud,500,+500,500,7,12,10,15,7,12,"^500\d{7,12}$","^\+500\d{7,12}$",E.164 générique (7-12 chiffres),,,,,
HT,HTI,Haïti,Caraïbes,509,+509,509,7,12,10,15,7,12,"^509\d{7,12}$","^\+509\d{7,12}$",E.164 générique (7-12 chiffres),,,,,372
HN,HND,Honduras,Amérique centrale,504,+504,504,7,12,10,15,7,12,"^504\d{7,12}$","^\+504\d{7,12}$",E.164 générique (7-12 chiffres),708.0,1.0,70801,Tigo HN,708
HK,HKG,Hong Kong,Asie de l'Est,852,+852,852,7,12,10,15,7,12,"^852\d{7,12}$","^\+852\d{7,12}$",E.164 générique (7-12 chiffres),454.0,0.0,45400,CSL,454
HK,HKG,Hong Kong,Asie de l'Est,852,+852,852,7,12,10,15,7,12,"^852\d{7,12}$","^\+852\d{7,12}$",E.164 générique (7-12 chiffres),454.0,4.0,45404,Hutchison HK,454
HU,HUN,Hongrie,Europe de l'Est,36,+36,36,7,12,9,14,7,12,"^36\d{7,12}$","^\+36\d{7,12}$",E.164 générique (7-12 chiffres),216.0,1.0,21601,Telenor HU,216
HU,HUN,Hongrie,Europe de l'Est,36,+36,36,7,12,9,14,7,12,"^36\d{7,12}$","^\+36\d{7,12}$",E.164 générique (7-12 chiffres),216.0,30.0,21630,T-Mobile HU,216
HU,HUN,Hongrie,Europe de l'Est,36,+36,36,7,12,9,14,7,12,"^36\d{7,12}$","^\+36\d{7,12}$",E.164 générique (7-12 chiffres),216.0,70.0,21670,Vodafone HU,216
IN,IND,Inde,Asie du Sud,91,+91,91,10,10,12,12,10,10,^91\d{10}$,^\+91\d{10}$,10 chiffres après +91,404.0,10.0,40410,Airtel IN,404|405
IN,IND,Inde,Asie du Sud,91,+91,91,10,10,12,12,10,10,^91\d{10}$,^\+91\d{10}$,10 chiffres après +91,404.0,20.0,40420,Vodafone IN,404|405
IN,IND,Inde,Asie du Sud,91,+91,91,10,10,12,12,10,10,^91\d{10}$,^\+91\d{10}$,10 chiffres après +91,404.0,45.0,40445,Aircel,404|405
IN,IND,Inde,Asie du Sud,91,+91,91,10,10,12,12,10,10,^91\d{10}$,^\+91\d{10}$,10 chiffres après +91,405.0,840.0,405840,Jio,404|405
ID,IDN,Indonésie,Asie du Sud-Est,62,+62,62,7,12,9,14,7,12,"^62\d{7,12}$","^\+62\d{7,12}$",E.164 générique (7-12 chiffres),510.0,1.0,51001,Indosat,510
ID,IDN,Indonésie,Asie du Sud-Est,62,+62,62,7,12,9,14,7,12,"^62\d{7,12}$","^\+62\d{7,12}$",E.164 générique (7-12 chiffres),510.0,10.0,51010,Telkomsel,510
IQ,IRQ,Irak,Proche-Orient,964,+964,964,10,10,13,13,10,10,^964\d{10}$,^\+964\d{10}$,10 chiffres après +964,418.0,5.0,41805,AsiaCell,418
IQ,IRQ,Irak,Proche-Orient,964,+964,964,10,10,13,13,10,10,^964\d{10}$,^\+964\d{10}$,10 chiffres après +964,418.0,8.0,41808,Zain IQ,418
IQ,IRQ,Irak,Proche-Orient,964,+964,964,10,10,13,13,10,10,^964\d{10}$,^\+964\d{10}$,10 chiffres après +964,418.0,20.0,41820,Korek,418
IQ,IRQ,Irak,Proche-Orient,964,+964,964,10,10,13,13,10,10,^964\d{10}$,^\+964\d{10}$,10 chiffres après +964,418.0,30.0,41830,Mobitel IQ,418
IQ,IRQ,Irak,Proche-Orient,964,+964,964,10,10,13,13,10,10,^964\d{10}$,^\+964\d{10}$,10 chiffres après +964,418.0,40.0,41840,Itisaluna,418
IR,IRN,Iran,Proche-Orient,98,+98,98,10,10,12,12,10,10,^98\d{10}$,^\+98\d{10}$,10 chiffres après +98,432.0,11.0,43211,Hamrahe Aval (MCI),432
IR,IRN,Iran,Proche-Orient,98,+98,98,10,10,12,12,10,10,^98\d{10}$,^\+98\d{10}$,10 chiffres après +98,432.0,14.0,43214,TKC (KFZO),432
IR,IRN,Iran,Proche-Orient,98,+98,98,10,10,12,12,10,10,^98\d{10}$,^\+98\d{10}$,10 chiffres après +98,432.0,19.0,43219,MTCE,432
IR,IRN,Iran,Proche-Orient,98,+98,98,10,10,12,12,10,10,^98\d{10}$,^\+98\d{10}$,10 chiffres après +98,432.0,20.0,43220,RighTel,432
IR,IRN,Iran,Proche-Orient,98,+98,98,10,10,12,12,10,10,^98\d{10}$,^\+98\d{10}$,10 chiffres après +98,432.0,32.0,43232,Taliya,432
IR,IRN,Iran,Proche-Orient,98,+98,98,10,10,12,12,10,10,^98\d{10}$,^\+98\d{10}$,10 chiffres après +98,432.0,35.0,43235,Samart,432
IR,IRN,Iran,Proche-Orient,98,+98,98,10,10,12,12,10,10,^98\d{10}$,^\+98\d{10}$,10 chiffres après +98,432.0,70.0,43270,Irancell (MTN),432
IE,IRL,Irlande,Europe de l'Ouest,353,+353,353,7,12,10,15,7,12,"^353\d{7,12}$","^\+353\d{7,12}$",E.164 générique (7-12 chiffres),272.0,1.0,27201,Vodafone IE,272
IE,IRL,Irlande,Europe de l'Ouest,353,+353,353,7,12,10,15,7,12,"^353\d{7,12}$","^\+353\d{7,12}$",E.164 générique (7-12 chiffres),272.0,2.0,27202,Three IE,272
IE,IRL,Irlande,Europe de l'Ouest,353,+353,353,7,12,10,15,7,12,"^353\d{7,12}$","^\+353\d{7,12}$",E.164 générique (7-12 chiffres),272.0,3.0,27203,eir IE,272
IS,ISL,Islande,Europe du Nord,354,+354,354,7,12,10,15,7,12,"^354\d{7,12}$","^\+354\d{7,12}$",E.164 générique (7-12 chiffres),,,,,274
IL,ISR,Israël,Proche-Orient,972,+972,972,7,12,10,15,7,12,"^972\d{7,12}$","^\+972\d{7,12}$",E.164 générique (7-12 chiffres),425.0,1.0,42501,Partner,425
IL,ISR,Israël,Proche-Orient,972,+972,972,7,12,10,15,7,12,"^972\d{7,12}$","^\+972\d{7,12}$",E.164 générique (7-12 chiffres),425.0,2.0,42502,Cellcom,425
IL,ISR,Israël,Proche-Orient,972,+972,972,7,12,10,15,7,12,"^972\d{7,12}$","^\+972\d{7,12}$",E.164 générique (7-12 chiffres),425.0,7.0,42507,Hot Mobile,425
IT,ITA,Italie,Europe du Sud,39,+39,39,7,12,9,14,7,12,"^39\d{7,12}$","^\+39\d{7,12}$",E.164 générique (7-12 chiffres),222.0,1.0,22201,TIM,222
IT,ITA,Italie,Europe du Sud,39,+39,39,7,12,9,14,7,12,"^39\d{7,12}$","^\+39\d{7,12}$",E.164 générique (7-12 chiffres),222.0,10.0,22210,Vodafone IT,222
IT,ITA,Italie,Europe du Sud,39,+39,39,7,12,9,14,7,12,"^39\d{7,12}$","^\+39\d{7,12}$",E.164 générique (7-12 chiffres),222.0,88.0,22288,Wind,222
IT,ITA,Italie,Europe du Sud,39,+39,39,7,12,9,14,7,12,"^39\d{7,12}$","^\+39\d{7,12}$",E.164 générique (7-12 chiffres),222.0,99.0,22299,3 Italia,222
JM,JAM,Jamaïque,Caraïbes,1876,+1876,1876,7,12,11,16,7,12,"^1876\d{7,12}$","^\+1876\d{7,12}$",E.164 générique (7-12 chiffres),,,,,338
JP,JPN,Japon,Asie de l'Est,81,+81,81,7,12,9,14,7,12,"^81\d{7,12}$","^\+81\d{7,12}$",E.164 générique (7-12 chiffres),440.0,10.0,44010,NTT Docomo,440|441
JP,JPN,Japon,Asie de l'Est,81,+81,81,7,12,9,14,7,12,"^81\d{7,12}$","^\+81\d{7,12}$",E.164 générique (7-12 chiffres),440.0,20.0,44020,SoftBank,440|441
JP,JPN,Japon,Asie de l'Est,81,+81,81,7,12,9,14,7,12,"^81\d{7,12}$","^\+81\d{7,12}$",E.164 générique (7-12 chiffres),441.0,44.0,44144,AU/KDDI,440|441
JE,JEY,Jersey,Europe de l'Ouest,44,+44,44,7,12,9,14,7,12,"^44\d{7,12}$","^\+44\d{7,12}$",E.164 générique (7-12 chiffres),,,,,
JO,JOR,Jordanie,Proche-Orient,962,+962,962,9,9,12,12,9,9,^962\d{9}$,^\+962\d{9}$,9 chiffres après +962,416.0,1.0,41601,Zain JO,416
JO,JOR,Jordanie,Proche-Orient,962,+962,962,9,9,12,12,9,9,^962\d{9}$,^\+962\d{9}$,9 chiffres après +962,416.0,3.0,41603,Umniah,416
JO,JOR,Jordanie,Proche-Orient,962,+962,962,9,9,12,12,9,9,^962\d{9}$,^\+962\d{9}$,9 chiffres après +962,416.0,77.0,41677,Orange JO,416
KZ,KAZ,Kazakhstan,Asie centrale,7,+7,7,10,10,11,11,10,10,^7\d{10}$,^\+7\d{10}$,10 chiffres après +7,401.0,1.0,40101,Beeline KZ,401
KZ,KAZ,Kazakhstan,Asie centrale,7,+7,7,10,10,11,11,10,10,^7\d{10}$,^\+7\d{10}$,10 chiffres après +7,401.0,2.0,40102,Kcell,401
KZ,KAZ,Kazakhstan,Asie centrale,7,+7,7,10,10,11,11,10,10,^7\d{10}$,^\+7\d{10}$,10 chiffres après +7,401.0,77.0,40177,Tele2 KZ,401
KE,KEN,Kenya,Afrique de l'Est,254,+254,254,7,12,10,15,7,12,"^254\d{7,12}$","^\+254\d{7,12}$",E.164 générique (7-12 chiffres),639.0,2.0,63902,Safaricom,639
KG,KGZ,Kirghizstan,Asie centrale,996,+996,996,9,9,12,12,9,9,^996\d{9}$,^\+996\d{9}$,9 chiffres après +996,434.0,1.0,43401,Beeline KG,437
KG,KGZ,Kirghizstan,Asie centrale,996,+996,996,9,9,12,12,9,9,^996\d{9}$,^\+996\d{9}$,9 chiffres après +996,434.0,5.0,43405,MegaCom,437
KI,KIR,Kiribati,Océanie,686,+686,686,7,12,10,15,7,12,"^686\d{7,12}$","^\+686\d{7,12}$",E.164 générique (7-12 chiffres),,,,,545
XK,UNK,Kosovo,Europe du Sud,383,+383,383,7,12,10,15,7,12,"^383\d{7,12}$","^\+383\d{7,12}$",E.164 générique (7-12 chiffres),,,,,
KW,KWT,Koweït,Proche-Orient,965,+965,965,8,8,11,11,8,8,^965\d{8}$,^\+965\d{8}$,8 chiffres après +965,419.0,1.0,41901,Zain KW,419
KW,KWT,Koweït,Proche-Orient,965,+965,965,8,8,11,11,8,8,^965\d{8}$,^\+965\d{8}$,8 chiffres après +965,419.0,2.0,41902,Ooredoo KW,419
KW,KWT,Koweït,Proche-Orient,965,+965,965,8,8,11,11,8,8,^965\d{8}$,^\+965\d{8}$,8 chiffres après +965,419.0,3.0,41903,STC KW,419
RE,REU,La Réunion,Afrique de l'Est,262,+262,262,7,12,10,15,7,12,"^262\d{7,12}$","^\+262\d{7,12}$",E.164 générique (7-12 chiffres),,,,,
LA,LAO,Laos,Asie du Sud-Est,856,+856,856,7,12,10,15,7,12,"^856\d{7,12}$","^\+856\d{7,12}$",E.164 générique (7-12 chiffres),457.0,1.0,45701,LTC,457
LS,LSO,Lesotho,Afrique australe,266,+266,266,7,12,10,15,7,12,"^266\d{7,12}$","^\+266\d{7,12}$",E.164 générique (7-12 chiffres),651.0,2.0,65102,Vodacom LS,651
LV,LVA,Lettonie,Europe du Nord,371,+371,371,7,12,10,15,7,12,"^371\d{7,12}$","^\+371\d{7,12}$",E.164 générique (7-12 chiffres),247.0,1.0,24701,LMT,247
LV,LVA,Lettonie,Europe du Nord,371,+371,371,7,12,10,15,7,12,"^371\d{7,12}$","^\+371\d{7,12}$",E.164 générique (7-12 chiffres),247.0,2.0,24702,Tele2 LV,247
LR,LBR,Liberia,Afrique de l'Ouest,231,+231,231,7,12,10,15,7,12,"^231\d{7,12}$","^\+231\d{7,12}$",E.164 générique (7-12 chiffres),618.0,2.0,61802,Lonestar MTN,618
LY,LBA,Libye,Afrique du Nord,218,+218,218,9,9,12,12,9,9,^218\d{9}$,^\+218\d{9}$,9 chiffres après +218,606.0,0.0,60600,Libyana,606
LI,LIE,Liechtenstein,Europe de l'Ouest,423,+423,423,7,12,10,15,7,12,"^423\d{7,12}$","^\+423\d{7,12}$",E.164 générique (7-12 chiffres),295.0,1.0,29501,Mobilkom LI,295
LT,LTU,Lituanie,Europe du Nord,370,+370,370,7,12,10,15,7,12,"^370\d{7,12}$","^\+370\d{7,12}$",E.164 générique (7-12 chiffres),246.0,1.0,24601,Telia LT,246
LT,LTU,Lituanie,Europe du Nord,370,+370,370,7,12,10,15,7,12,"^370\d{7,12}$","^\+370\d{7,12}$",E.164 générique (7-12 chiffres),246.0,2.0,24602,Tele2 LT,246
LU,LUX,Luxembourg,Europe de l'Ouest,352,+352,352,7,12,10,15,7,12,"^352\d{7,12}$","^\+352\d{7,12}$",E.164 générique (7-12 chiffres),270.0,1.0,27001,POST LU,270
LU,LUX,Luxembourg,Europe de l'Ouest,352,+352,352,7,12,10,15,7,12,"^352\d{7,12}$","^\+352\d{7,12}$",E.164 générique (7-12 chiffres),270.0,77.0,27077,Tango LU,270
MO,MAC,Macao,Asie de l'Est,853,+853,853,7,12,10,15,7,12,"^853\d{7,12}$","^\+853\d{7,12}$",E.164 générique (7-12 chiffres),455.0,1.0,45501,CTM,455
MK,MKD,Macédoine du Nord,Europe du Sud,389,+389,389,7,12,10,15,7,12,"^389\d{7,12}$","^\+389\d{7,12}$",E.164 générique (7-12 chiffres),294.0,1.0,29401,T-Mobile MK,294
MK,MKD,Macédoine du Nord,Europe du Sud,389,+389,389,7,12,10,15,7,12,"^389\d{7,12}$","^\+389\d{7,12}$",E.164 générique (7-12 chiffres),294.0,2.0,29402,A1 MK,294
MG,MDG,Madagascar,Afrique de l'Est,261,+261,261,7,12,10,15,7,12,"^261\d{7,12}$","^\+261\d{7,12}$",E.164 générique (7-12 chiffres),646.0,1.0,64601,Orange MG,646
MY,MYS,Malaisie,Asie du Sud-Est,60,+60,60,7,12,9,14,7,12,"^60\d{7,12}$","^\+60\d{7,12}$",E.164 générique (7-12 chiffres),502.0,12.0,50212,Maxis,502
MY,MYS,Malaisie,Asie du Sud-Est,60,+60,60,7,12,9,14,7,12,"^60\d{7,12}$","^\+60\d{7,12}$",E.164 générique (7-12 chiffres),502.0,16.0,50216,Digi MY,502
MW,MWI,Malawi,Afrique australe,265,+265,265,7,12,10,15,7,12,"^265\d{7,12}$","^\+265\d{7,12}$",E.164 générique (7-12 chiffres),650.0,1.0,65001,TNM,650
MV,MDV,Maldives,Asie du Sud,960,+960,960,7,12,10,15,7,12,"^960\d{7,12}$","^\+960\d{7,12}$",E.164 générique (7-12 chiffres),472.0,1.0,47201,Dhiraagu,472
ML,MLI,Mali,Afrique de l'Ouest,223,+223,223,7,12,10,15,7,12,"^223\d{7,12}$","^\+223\d{7,12}$",E.164 générique (7-12 chiffres),610.0,1.0,61001,Orange ML,610
MT,MLT,Malte,Europe du Sud,356,+356,356,7,12,10,15,7,12,"^356\d{7,12}$","^\+356\d{7,12}$",E.164 générique (7-12 chiffres),278.0,1.0,27801,Epic,278
MT,MLT,Malte,Europe du Sud,356,+356,356,7,12,10,15,7,12,"^356\d{7,12}$","^\+356\d{7,12}$",E.164 générique (7-12 chiffres),278.0,21.0,27821,GO Mobile,278
MA,MAR,Maroc,Afrique du Nord,212,+212,212,9,9,12,12,9,9,^212\d{9}$,^\+212\d{9}$,9 chiffres après +212,604.0,0.0,60400,IAM,604
MA,MAR,Maroc,Afrique du Nord,212,+212,212,9,9,12,12,9,9,^212\d{9}$,^\+212\d{9}$,9 chiffres après +212,604.0,1.0,60401,Inwi,604
MA,MAR,Maroc,Afrique du Nord,212,+212,212,9,9,12,12,9,9,^212\d{9}$,^\+212\d{9}$,9 chiffres après +212,604.0,2.0,60402,Orange MA,604
MQ,MTQ,Martinique,Amérique centrale et Caraïbes,596,+596,596,7,12,10,15,7,12,"^596\d{7,12}$","^\+596\d{7,12}$",E.164 générique (7-12 chiffres),,,,,
MU,MUS,Maurice,Afrique de l'Est,230,+230,230,7,12,10,15,7,12,"^230\d{7,12}$","^\+230\d{7,12}$",E.164 générique (7-12 chiffres),617.0,1.0,61701,Orange MU,617
MR,MRT,Mauritanie,Afrique de l'Ouest,222,+222,222,7,12,10,15,7,12,"^222\d{7,12}$","^\+222\d{7,12}$",E.164 générique (7-12 chiffres),609.0,1.0,60901,Mauritel,609
YT,MYT,Mayotte,Afrique de l'Est,262,+262,262,7,12,10,15,7,12,"^262\d{7,12}$","^\+262\d{7,12}$",E.164 générique (7-12 chiffres),,,,,
MX,MEX,Mexique,Amérique du Nord,52,+52,52,7,12,9,14,7,12,"^52\d{7,12}$","^\+52\d{7,12}$",E.164 générique (7-12 chiffres),334.0,20.0,33420,Telcel,334
MX,MEX,Mexique,Amérique du Nord,52,+52,52,7,12,9,14,7,12,"^52\d{7,12}$","^\+52\d{7,12}$",E.164 générique (7-12 chiffres),334.0,50.0,33450,AT&T MX,334
MX,MEX,Mexique,Amérique du Nord,52,+52,52,7,12,9,14,7,12,"^52\d{7,12}$","^\+52\d{7,12}$",E.164 générique (7-12 chiffres),334.0,90.0,33490,Movistar MX,334
FM,FSM,Micronésie,Océanie,691,+691,691,7,12,10,15,7,12,"^691\d{7,12}$","^\+691\d{7,12}$",E.164 générique (7-12 chiffres),550.0,1.0,55001,FSM Telecom,
MD,MDA,Moldavie,Europe de l'Est,373,+373,373,7,12,10,15,7,12,"^373\d{7,12}$","^\+373\d{7,12}$",E.164 générique (7-12 chiffres),,,,,259
MC,MCO,Monaco,Europe de l'Ouest,377,+377,377,7,12,10,15,7,12,"^377\d{7,12}$","^\+377\d{7,12}$",E.164 générique (7-12 chiffres),212.0,1.0,21201,Office des Telephones,212
MN,MNG,Mongolie,Asie centrale,976,+976,976,7,12,10,15,7,12,"^976\d{7,12}$","^\+976\d{7,12}$",E.164 générique (7-12 chiffres),428.0,98.0,42898,Unitel MN,428
MS,MSR,Montserrat,Amérique centrale et Caraïbes,1664,+1664,1664,7,12,11,16,7,12,"^1664\d{7,12}$","^\+1664\d{7,12}$",E.164 générique (7-12 chiffres),,,,,
ME,MNE,Monténégro,Europe du Sud,382,+382,382,7,12,10,15,7,12,"^382\d{7,12}$","^\+382\d{7,12}$",E.164 générique (7-12 chiffres),,,,,297
MZ,MOZ,Mozambique,Afrique de l'Est,258,+258,258,7,12,10,15,7,12,"^258\d{7,12}$","^\+258\d{7,12}$",E.164 générique (7-12 chiffres),643.0,1.0,64301,Mcel,643
MM,MMR,Myanmar,Asie du Sud-Est,95,+95,95,7,12,9,14,7,12,"^95\d{7,12}$","^\+95\d{7,12}$",E.164 générique (7-12 chiffres),,,,,414
,NAM,Namibie,Afrique australe,264,+264,264,7,12,10,15,7,12,"^264\d{7,12}$","^\+264\d{7,12}$",E.164 générique (7-12 chiffres),649.0,1.0,64901,MTC NA,
NR,NRU,Nauru,Océanie,674,+674,674,7,12,10,15,7,12,"^674\d{7,12}$","^\+674\d{7,12}$",E.164 générique (7-12 chiffres),,,,,
NI,NIC,Nicaragua,Amérique centrale,505,+505,505,7,12,10,15,7,12,"^505\d{7,12}$","^\+505\d{7,12}$",E.164 générique (7-12 chiffres),710.0,21.0,71021,Claro NI,710
NE,NER,Niger,Afrique de l'Ouest,227,+227,227,7,12,10,15,7,12,"^227\d{7,12}$","^\+227\d{7,12}$",E.164 générique (7-12 chiffres),614.0,2.0,61402,Airtel NE,614
NG,NGA,Nigeria,Afrique de l'Ouest,234,+234,234,7,12,10,15,7,12,"^234\d{7,12}$","^\+234\d{7,12}$",E.164 générique (7-12 chiffres),621.0,20.0,62120,MTN NG,621
NG,NGA,Nigeria,Afrique de l'Ouest,234,+234,234,7,12,10,15,7,12,"^234\d{7,12}$","^\+234\d{7,12}$",E.164 générique (7-12 chiffres),621.0,30.0,62130,Glo Mobile,621
NG,NGA,Nigeria,Afrique de l'Ouest,234,+234,234,7,12,10,15,7,12,"^234\d{7,12}$","^\+234\d{7,12}$",E.164 générique (7-12 chiffres),621.0,50.0,62150,Airtel NG,621
NU,NIU,Niue,Océanie,683,+683,683,7,12,10,15,7,12,"^683\d{7,12}$","^\+683\d{7,12}$",E.164 générique (7-12 chiffres),,,,,
NO,NOR,Norvège,Europe du Nord,47,+47,47,7,12,9,14,7,12,"^47\d{7,12}$","^\+47\d{7,12}$",E.164 générique (7-12 chiffres),242.0,1.0,24201,Telenor NO,242
NO,NOR,Norvège,Europe du Nord,47,+47,47,7,12,9,14,7,12,"^47\d{7,12}$","^\+47\d{7,12}$",E.164 générique (7-12 chiffres),242.0,2.0,24202,Telia NO,242
NO,NOR,Norvège,Europe du Nord,47,+47,47,7,12,9,14,7,12,"^47\d{7,12}$","^\+47\d{7,12}$",E.164 générique (7-12 chiffres),242.0,4.0,24204,Ice NO,242
NC,NCL,Nouvelle-Calédonie,Océanie,687,+687,687,7,12,10,15,7,12,"^687\d{7,12}$","^\+687\d{7,12}$",E.164 générique (7-12 chiffres),546.0,1.0,54601,OPT NC,
NZ,NZL,Nouvelle-Zélande,Océanie,64,+64,64,7,12,9,14,7,12,"^64\d{7,12}$","^\+64\d{7,12}$",E.164 générique (7-12 chiffres),530.0,1.0,53001,Vodafone NZ,530
NZ,NZL,Nouvelle-Zélande,Océanie,64,+64,64,7,12,9,14,7,12,"^64\d{7,12}$","^\+64\d{7,12}$",E.164 générique (7-12 chiffres),530.0,24.0,53024,2degrees,530
NP,NPL,Népal,Asie du Sud,977,+977,977,7,12,10,15,7,12,"^977\d{7,12}$","^\+977\d{7,12}$",E.164 générique (7-12 chiffres),437.0,1.0,43701,Namaste,429
OM,OMN,Oman,Proche-Orient,968,+968,968,8,8,11,11,8,8,^968\d{8}$,^\+968\d{8}$,8 chiffres après +968,422.0,2.0,42202,Omantel,422
OM,OMN,Oman,Proche-Orient,968,+968,968,8,8,11,11,8,8,^968\d{8}$,^\+968\d{8}$,8 chiffres après +968,422.0,3.0,42203,Ooredoo OM,422
UG,UGA,Ouganda,Afrique de l'Est,256,+256,256,7,12,10,15,7,12,"^256\d{7,12}$","^\+256\d{7,12}$",E.164 générique (7-12 chiffres),641.0,1.0,64101,MTN UG,641
UZ,UZB,Ouzbékistan,Asie centrale,998,+998,998,9,9,12,12,9,9,^998\d{9}$,^\+998\d{9}$,9 chiffres après +998,430.0,2.0,43002,Ucell,434
UZ,UZB,Ouzbékistan,Asie centrale,998,+998,998,9,9,12,12,9,9,^998\d{9}$,^\+998\d{9}$,9 chiffres après +998,430.0,4.0,43004,Beeline UZ,434
PK,PAK,Pakistan,Asie du Sud,92,+92,92,10,10,12,12,10,10,^92\d{10}$,^\+92\d{10}$,10 chiffres après +92,410.0,1.0,41001,Mobilink,410
PK,PAK,Pakistan,Asie du Sud,92,+92,92,10,10,12,12,10,10,^92\d{10}$,^\+92\d{10}$,10 chiffres après +92,410.0,3.0,41003,Ufone,410
PK,PAK,Pakistan,Asie du Sud,92,+92,92,10,10,12,12,10,10,^92\d{10}$,^\+92\d{10}$,10 chiffres après +92,410.0,6.0,41006,Telenor PK,410
PK,PAK,Pakistan,Asie du Sud,92,+92,92,10,10,12,12,10,10,^92\d{10}$,^\+92\d{10}$,10 chiffres après +92,410.0,7.0,41007,Zong,410
PW,PLW,Palaos,Océanie,680,+680,680,7,12,10,15,7,12,"^680\d{7,12}$","^\+680\d{7,12}$",E.164 générique (7-12 chiffres),,,,,
PS,PSE,Palestine,Proche-Orient,970,+970,970,7,12,10,15,7,12,"^970\d{7,12}$","^\+970\d{7,12}$",E.164 générique (7-12 chiffres),,,,,
PA,PAN,Panama,Amérique centrale,507,+507,507,7,12,10,15,7,12,"^507\d{7,12}$","^\+507\d{7,12}$",E.164 générique (7-12 chiffres),714.0,2.0,71402,Movistar PA,714
PG,PNG,Papouasie-Nvl-Guinée,Océanie,675,+675,675,7,12,10,15,7,12,"^675\d{7,12}$","^\+675\d{7,12}$",E.164 générique (7-12 chiffres),537.0,1.0,53701,bmobile,537
PY,PRY,Paraguay,Amérique du Sud,595,+595,595,7,12,10,15,7,12,"^595\d{7,12}$","^\+595\d{7,12}$",E.164 générique (7-12 chiffres),744.0,5.0,74405,Personal PY,744
NL,NLD,Pays-Bas,Europe de l'Ouest,31,+31,31,7,12,9,14,7,12,"^31\d{7,12}$","^\+31\d{7,12}$",E.164 générique (7-12 chiffres),204.0,4.0,20404,Vodafone NL,204
NL,NLD,Pays-Bas,Europe de l'Ouest,31,+31,31,7,12,9,14,7,12,"^31\d{7,12}$","^\+31\d{7,12}$",E.164 générique (7-12 chiffres),204.0,8.0,20408,KPN,204
NL,NLD,Pays-Bas,Europe de l'Ouest,31,+31,31,7,12,9,14,7,12,"^31\d{7,12}$","^\+31\d{7,12}$",E.164 générique (7-12 chiffres),204.0,16.0,20416,T-Mobile NL,204
BQ,BES,Pays-Bas caribéens,Amérique centrale et Caraïbes,599,+599,599,7,12,10,15,7,12,"^599\d{7,12}$","^\+599\d{7,12}$",E.164 générique (7-12 chiffres),,,,,
PH,PHL,Philippines,Asie du Sud-Est,63,+63,63,7,12,9,14,7,12,"^63\d{7,12}$","^\+63\d{7,12}$",E.164 générique (7-12 chiffres),515.0,2.0,51502,Globe PH,515
PH,PHL,Philippines,Asie du Sud-Est,63,+63,63,7,12,9,14,7,12,"^63\d{7,12}$","^\+63\d{7,12}$",E.164 générique (7-12 chiffres),515.0,3.0,51503,Smart PH,515
PL,POL,Pologne,Europe de l'Est,48,+48,48,7,12,9,14,7,12,"^48\d{7,12}$","^\+48\d{7,12}$",E.164 générique (7-12 chiffres),260.0,1.0,26001,Plus,260
PL,POL,Pologne,Europe de l'Est,48,+48,48,7,12,9,14,7,12,"^48\d{7,12}$","^\+48\d{7,12}$",E.164 générique (7-12 chiffres),260.0,2.0,26002,T-Mobile PL,260
PL,POL,Pologne,Europe de l'Est,48,+48,48,7,12,9,14,7,12,"^48\d{7,12}$","^\+48\d{7,12}$",E.164 générique (7-12 chiffres),260.0,3.0,26003,Orange PL,260
PF,PYF,Polynésie française,Océanie,689,+689,689,7,12,10,15,7,12,"^689\d{7,12}$","^\+689\d{7,12}$",E.164 générique (7-12 chiffres),547.0,20.0,54720,Vini,
PR,PRI,Porto Rico,Amérique centrale et Caraïbes,1787,+1787,1787,7,12,11,16,7,12,"^1787\d{7,12}$","^\+1787\d{7,12}$",E.164 générique (7-12 chiffres),,,,,
PT,PRT,Portugal,Europe de l'Ouest,351,+351,351,7,12,10,15,7,12,"^351\d{7,12}$","^\+351\d{7,12}$",E.164 générique (7-12 chiffres),,,,,268
PE,PER,Pérou,Amérique du Sud,51,+51,51,7,12,9,14,7,12,"^51\d{7,12}$","^\+51\d{7,12}$",E.164 générique (7-12 chiffres),716.0,6.0,71606,Movistar PE,716
QA,QAT,Qatar,Proche-Orient,974,+974,974,8,8,11,11,8,8,^974\d{8}$,^\+974\d{8}$,8 chiffres après +974,427.0,1.0,42701,Ooredoo QA,427
QA,QAT,Qatar,Proche-Orient,974,+974,974,8,8,11,11,8,8,^974\d{8}$,^\+974\d{8}$,8 chiffres après +974,427.0,2.0,42702,Vodafone QA,427
CD,COD,RD Congo,Afrique centrale,243,+243,243,7,12,10,15,7,12,"^243\d{7,12}$","^\+243\d{7,12}$",E.164 générique (7-12 chiffres),630.0,1.0,63001,Vodacom CD,630
RO,ROU,Roumanie,Europe de l'Est,40,+40,40,7,12,9,14,7,12,"^40\d{7,12}$","^\+40\d{7,12}$",E.164 générique (7-12 chiffres),226.0,1.0,22601,Vodafone RO,226
RO,ROU,Roumanie,Europe de l'Est,40,+40,40,7,12,9,14,7,12,"^40\d{7,12}$","^\+40\d{7,12}$",E.164 générique (7-12 chiffres),226.0,3.0,22603,Orange RO,226
RO,ROU,Roumanie,Europe de l'Est,40,+40,40,7,12,9,14,7,12,"^40\d{7,12}$","^\+40\d{7,12}$",E.164 générique (7-12 chiffres),226.0,10.0,22610,Telekom RO,226
GB,GBR,Royaume-Uni,Europe de l'Ouest,44,+44,44,10,10,12,12,10,10,^44\d{10}$,^\+44\d{10}$,10 chiffres après +44,234.0,10.0,23410,O2 UK,234|235
GB,GBR,Royaume-Uni,Europe de l'Ouest,44,+44,44,10,10,12,12,10,10,^44\d{10}$,^\+44\d{10}$,10 chiffres après +44,234.0,20.0,23420,3 UK,234|235
GB,GBR,Royaume-Uni,Europe de l'Ouest,44,+44,44,10,10,12,12,10,10,^44\d{10}$,^\+44\d{10}$,10 chiffres après +44,234.0,30.0,23430,T-Mobile UK,234|235
GB,GBR,Royaume-Uni,Europe de l'Ouest,44,+44,44,10,10,12,12,10,10,^44\d{10}$,^\+44\d{10}$,10 chiffres après +44,235.0,1.0,23501,EE,234|235
GB,GBR,Royaume-Uni,Europe de l'Ouest,44,+44,44,10,10,12,12,10,10,^44\d{10}$,^\+44\d{10}$,10 chiffres après +44,235.0,91.0,23591,Vodafone UK,234|235
RU,RUS,Russie,Europe de l'Est / Asie,7,+7,7,10,10,11,11,10,10,^7\d{10}$,^\+7\d{10}$,10 chiffres après +7,250.0,1.0,25001,MTS,250
RU,RUS,Russie,Europe de l'Est / Asie,7,+7,7,10,10,11,11,10,10,^7\d{10}$,^\+7\d{10}$,10 chiffres après +7,250.0,2.0,25002,MegaFon,250
RU,RUS,Russie,Europe de l'Est / Asie,7,+7,7,10,10,11,11,10,10,^7\d{10}$,^\+7\d{10}$,10 chiffres après +7,250.0,3.0,25003,ROSTELECOM,250
RU,RUS,Russie,Europe de l'Est / Asie,7,+7,7,10,10,11,11,10,10,^7\d{10}$,^\+7\d{10}$,10 chiffres après +7,250.0,99.0,25099,BeeLine,250
RW,RWA,Rwanda,Afrique de l'Est,250,+250,250,7,12,10,15,7,12,"^250\d{7,12}$","^\+250\d{7,12}$",E.164 générique (7-12 chiffres),,,,,635
DO,DOM,Rép. Dominicaine,Caraïbes,1809,+1809,1809,7,12,11,16,7,12,"^1809\d{7,12}$","^\+1809\d{7,12}$",E.164 générique (7-12 chiffres),,,,,370
DO,DOM,Rép. Dominicaine,Caraïbes,1829,+1829,1829,7,12,11,16,7,12,"^1829\d{7,12}$","^\+1829\d{7,12}$",E.164 générique (7-12 chiffres),,,,,370
DO,DOM,Rép. Dominicaine,Caraïbes,1849,+1849,1849,7,12,11,16,7,12,"^1849\d{7,12}$","^\+1849\d{7,12}$",E.164 générique (7-12 chiffres),,,,,370
EH,ESH,Sahara occidental,Afrique du Nord,2125288,+2125288,2125288,7,12,14,19,7,12,"^2125288\d{7,12}$","^\+2125288\d{7,12}$",E.164 générique (7-12 chiffres),,,,,
BL,BLM,Saint-Barthélemy,Amérique centrale et Caraïbes,590,+590,590,7,12,10,15,7,12,"^590\d{7,12}$","^\+590\d{7,12}$",E.164 générique (7-12 chiffres),,,,,
KN,KNA,Saint-Kitts-et-Nevis,Amérique centrale et Caraïbes,1869,+1869,1869,7,12,11,16,7,12,"^1869\d{7,12}$","^\+1869\d{7,12}$",E.164 générique (7-12 chiffres),,,,,
SM,SMR,Saint-Marin,Europe du Sud,378,+378,378,7,12,10,15,7,12,"^378\d{7,12}$","^\+378\d{7,12}$",E.164 générique (7-12 chiffres),,,,,
MF,MAF,Saint-Martin,Amérique centrale et Caraïbes,590,+590,590,7,12,10,15,7,12,"^590\d{7,12}$","^\+590\d{7,12}$",E.164 générique (7-12 chiffres),,,,,
PM,SPM,Saint-Pierre-et-Miquelon,Amérique du Nord,508,+508,508,7,12,10,15,7,12,"^508\d{7,12}$","^\+508\d{7,12}$",E.164 générique (7-12 chiffres),,,,,
VC,VCT,Saint-Vincent-et-les-Grenadines,Amérique centrale et Caraïbes,1784,+1784,1784,7,12,11,16,7,12,"^1784\d{7,12}$","^\+1784\d{7,12}$",E.164 générique (7-12 chiffres),,,,,
SH,SHN,Sainte-Hélène,Atlantique Sud,290,+290,290,7,12,10,15,7,12,"^290\d{7,12}$","^\+290\d{7,12}$",E.164 générique (7-12 chiffres),,,,,
LC,LCA,Sainte-Lucie,Amérique centrale et Caraïbes,1758,+1758,1758,7,12,11,16,7,12,"^1758\d{7,12}$","^\+1758\d{7,12}$",E.164 générique (7-12 chiffres),,,,,
WS,WSM,Samoa,Océanie,685,+685,685,7,12,10,15,7,12,"^685\d{7,12}$","^\+685\d{7,12}$",E.164 générique (7-12 chiffres),,,,,
AS,ASM,Samoa américaines,Océanie,1684,+1684,1684,7,12,11,16,7,12,"^1684\d{7,12}$","^\+1684\d{7,12}$",E.164 générique (7-12 chiffres),,,,,
ST,STP,Sao Tomé-et-Principe,Afrique centrale,239,+239,239,7,12,10,15,7,12,"^239\d{7,12}$","^\+239\d{7,12}$",E.164 générique (7-12 chiffres),626.0,1.0,62601,CST,
RS,SRB,Serbie,Europe du Sud,381,+381,381,7,12,10,15,7,12,"^381\d{7,12}$","^\+381\d{7,12}$",E.164 générique (7-12 chiffres),220.0,1.0,22001,Telenor RS,220
RS,SRB,Serbie,Europe du Sud,381,+381,381,7,12,10,15,7,12,"^381\d{7,12}$","^\+381\d{7,12}$",E.164 générique (7-12 chiffres),220.0,3.0,22003,A1 RS,220
RS,SRB,Serbie,Europe du Sud,381,+381,381,7,12,10,15,7,12,"^381\d{7,12}$","^\+381\d{7,12}$",E.164 générique (7-12 chiffres),220.0,5.0,22005,mts,220
SC,SYC,Seychelles,Afrique de l'Est,248,+248,248,7,12,10,15,7,12,"^248\d{7,12}$","^\+248\d{7,12}$",E.164 générique (7-12 chiffres),633.0,10.0,63310,Airtel SC,633
SL,SLE,Sierra Leone,Afrique de l'Ouest,232,+232,232,7,12,10,15,7,12,"^232\d{7,12}$","^\+232\d{7,12}$",E.164 générique (7-12 chiffres),619.0,1.0,61901,Orange SL,619
SG,SGP,Singapour,Asie du Sud-Est,65,+65,65,7,12,9,14,7,12,"^65\d{7,12}$","^\+65\d{7,12}$",E.164 générique (7-12 chiffres),525.0,1.0,52501,Singtel,525
SG,SGP,Singapour,Asie du Sud-Est,65,+65,65,7,12,9,14,7,12,"^65\d{7,12}$","^\+65\d{7,12}$",E.164 générique (7-12 chiffres),525.0,5.0,52505,StarHub,525
SX,SXM,Sint Maarten,Amérique centrale et Caraïbes,1721,+1721,1721,7,12,11,16,7,12,"^1721\d{7,12}$","^\+1721\d{7,12}$",E.164 générique (7-12 chiffres),,,,,
SK,SVK,Slovaquie,Europe de l'Est,421,+421,421,7,12,10,15,7,12,"^421\d{7,12}$","^\+421\d{7,12}$",E.164 générique (7-12 chiffres),,,,,231
SI,SVN,Slovénie,Europe du Sud,386,+386,386,7,12,10,15,7,12,"^386\d{7,12}$","^\+386\d{7,12}$",E.164 générique (7-12 chiffres),293.0,40.0,29340,A1 SI,293
SI,SVN,Slovénie,Europe du Sud,386,+386,386,7,12,10,15,7,12,"^386\d{7,12}$","^\+386\d{7,12}$",E.164 générique (7-12 chiffres),293.0,41.0,29341,Telekom SI,293
SI,SVN,Slovénie,Europe du Sud,386,+386,386,7,12,10,15,7,12,"^386\d{7,12}$","^\+386\d{7,12}$",E.164 générique (7-12 chiffres),293.0,70.0,29370,T-2,293
SO,SOM,Somalie,Afrique de l'Est,252,+252,252,7,12,10,15,7,12,"^252\d{7,12}$","^\+252\d{7,12}$",E.164 générique (7-12 chiffres),637.0,1.0,63701,Hormuud,637
SD,SDN,Soudan,Afrique du Nord-Est,249,+249,249,7,12,10,15,7,12,"^249\d{7,12}$","^\+249\d{7,12}$",E.164 générique (7-12 chiffres),634.0,1.0,63401,MTN SD,634
SS,SSD,Soudan du Sud,Afrique de l'Est,211,+211,211,7,12,10,15,7,12,"^211\d{7,12}$","^\+211\d{7,12}$",E.164 générique (7-12 chiffres),,,,,659
LK,LKA,Sri Lanka,Asie du Sud,94,+94,94,7,12,9,14,7,12,"^94\d{7,12}$","^\+94\d{7,12}$",E.164 générique (7-12 chiffres),,,,,413
CH,CHE,Suisse,Europe de l'Ouest,41,+41,41,7,12,9,14,7,12,"^41\d{7,12}$","^\+41\d{7,12}$",E.164 générique (7-12 chiffres),228.0,1.0,22801,Swisscom,228
CH,CHE,Suisse,Europe de l'Ouest,41,+41,41,7,12,9,14,7,12,"^41\d{7,12}$","^\+41\d{7,12}$",E.164 générique (7-12 chiffres),228.0,2.0,22802,Sunrise,228
CH,CHE,Suisse,Europe de l'Ouest,41,+41,41,7,12,9,14,7,12,"^41\d{7,12}$","^\+41\d{7,12}$",E.164 générique (7-12 chiffres),228.0,3.0,22803,Salt,228
SR,SUR,Suriname,Amérique du Sud,597,+597,597,7,12,10,15,7,12,"^597\d{7,12}$","^\+597\d{7,12}$",E.164 générique (7-12 chiffres),746.0,2.0,74602,Digicel SR,746
SE,SWE,Suède,Europe du Nord,46,+46,46,7,12,9,14,7,12,"^46\d{7,12}$","^\+46\d{7,12}$",E.164 générique (7-12 chiffres),240.0,1.0,24001,Telia SE,240
SE,SWE,Suède,Europe du Nord,46,+46,46,7,12,9,14,7,12,"^46\d{7,12}$","^\+46\d{7,12}$",E.164 générique (7-12 chiffres),240.0,7.0,24007,Tele2 SE,240
SE,SWE,Suède,Europe du Nord,46,+46,46,7,12,9,14,7,12,"^46\d{7,12}$","^\+46\d{7,12}$",E.164 générique (7-12 chiffres),240.0,8.0,24008,Telenor SE,240
SE,SWE,Suède,Europe du Nord,46,+46,46,7,12,9,14,7,12,"^46\d{7,12}$","^\+46\d{7,12}$",E.164 générique (7-12 chiffres),240.0,10.0,24010,3 SE,240
SJ,SJM,Svalbard et Jan Mayen,Europe du Nord,4779,+4779,4779,7,12,11,16,7,12,"^4779\d{7,12}$","^\+4779\d{7,12}$",E.164 générique (7-12 chiffres),,,,,
SY,SYR,Syrie,Proche-Orient,963,+963,963,9,9,12,12,9,9,^963\d{9}$,^\+963\d{9}$,9 chiffres après +963,417.0,1.0,41701,Syriatel,417
SY,SYR,Syrie,Proche-Orient,963,+963,963,9,9,12,12,9,9,^963\d{9}$,^\+963\d{9}$,9 chiffres après +963,417.0,9.0,41709,MTN SY,417
SN,SEN,Sénégal,Afrique de l'Ouest,221,+221,221,7,12,10,15,7,12,"^221\d{7,12}$","^\+221\d{7,12}$",E.164 générique (7-12 chiffres),608.0,1.0,60801,Orange SN,608
TJ,TJK,Tadjikistan,Asie centrale,992,+992,992,9,9,12,12,9,9,^992\d{9}$,^\+992\d{9}$,9 chiffres après +992,431.0,2.0,43102,Tcell,436
TZ,TZA,Tanzanie,Afrique de l'Est,255,+255,255,7,12,10,15,7,12,"^255\d{7,12}$","^\+255\d{7,12}$",E.164 générique (7-12 chiffres),640.0,2.0,64002,Vodacom TZ,640
TW,TWN,Taïwan,Asie de l'Est,886,+886,886,7,12,10,15,7,12,"^886\d{7,12}$","^\+886\d{7,12}$",E.164 générique (7-12 chiffres),466.0,1.0,46601,FarEasTone,466
TW,TWN,Taïwan,Asie de l'Est,886,+886,886,7,12,10,15,7,12,"^886\d{7,12}$","^\+886\d{7,12}$",E.164 générique (7-12 chiffres),466.0,97.0,46697,Taiwan Mobile,466
TD,TCD,Tchad,Afrique centrale,235,+235,235,7,12,10,15,7,12,"^235\d{7,12}$","^\+235\d{7,12}$",E.164 générique (7-12 chiffres),622.0,1.0,62201,Airtel TD,622
CZ,CZE,Tchéquie,Europe de l'Est,420,+420,420,7,12,10,15,7,12,"^420\d{7,12}$","^\+420\d{7,12}$",E.164 générique (7-12 chiffres),230.0,1.0,23001,T-Mobile CZ,230
CZ,CZE,Tchéquie,Europe de l'Est,420,+420,420,7,12,10,15,7,12,"^420\d{7,12}$","^\+420\d{7,12}$",E.164 générique (7-12 chiffres),230.0,2.0,23002,O2 CZ,230
CZ,CZE,Tchéquie,Europe de l'Est,420,+420,420,7,12,10,15,7,12,"^420\d{7,12}$","^\+420\d{7,12}$",E.164 générique (7-12 chiffres),230.0,3.0,23003,Vodafone CZ,230
TF,ATF,Terres australes françaises,Antarctique,262,+262,262,7,12,10,15,7,12,"^262\d{7,12}$","^\+262\d{7,12}$",E.164 générique (7-12 chiffres),,,,,
IO,IOT,Territoire britannique de l'Océan Indien,Océan Indien,246,+246,246,7,12,10,15,7,12,"^246\d{7,12}$","^\+246\d{7,12}$",E.164 générique (7-12 chiffres),,,,,
TH,THA,Thaïlande,Asie du Sud-Est,66,+66,66,7,12,9,14,7,12,"^66\d{7,12}$","^\+66\d{7,12}$",E.164 générique (7-12 chiffres),520.0,0.0,52000,AIS,520
TH,THA,Thaïlande,Asie du Sud-Est,66,+66,66,7,12,9,14,7,12,"^66\d{7,12}$","^\+66\d{7,12}$",E.164 générique (7-12 chiffres),520.0,15.0,52015,DTAC,520
TL,TLS,Timor-Leste,Asie du Sud-Est,670,+670,670,7,12,10,15,7,12,"^670\d{7,12}$","^\+670\d{7,12}$",E.164 générique (7-12 chiffres),,,,,514
TG,TGO,Togo,Afrique de l'Ouest,228,+228,228,7,12,10,15,7,12,"^228\d{7,12}$","^\+228\d{7,12}$",E.164 générique (7-12 chiffres),615.0,1.0,61501,Togocel,615
TK,TKL,Tokelau,Océanie,690,+690,690,7,12,10,15,7,12,"^690\d{7,12}$","^\+690\d{7,12}$",E.164 générique (7-12 chiffres),,,,,
TO,TON,Tonga,Océanie,676,+676,676,7,12,10,15,7,12,"^676\d{7,12}$","^\+676\d{7,12}$",E.164 générique (7-12 chiffres),539.0,1.0,53901,Digicel TO,539
TT,TTO,Trinité-et-Tobago,Caraïbes,1868,+1868,1868,7,12,11,16,7,12,"^1868\d{7,12}$","^\+1868\d{7,12}$",E.164 générique (7-12 chiffres),,,,,374
TN,TUN,Tunisie,Afrique du Nord,216,+216,216,8,8,11,11,8,8,^216\d{8}$,^\+216\d{8}$,8 chiffres après +216,605.0,2.0,60502,Tunisie Telecom,605
TN,TUN,Tunisie,Afrique du Nord,216,+216,216,8,8,11,11,8,8,^216\d{8}$,^\+216\d{8}$,8 chiffres après +216,605.0,3.0,60503,Ooredoo TN,605
TM,TKM,Turkménistan,Asie centrale,993,+993,993,8,8,11,11,8,8,^993\d{8}$,^\+993\d{8}$,8 chiffres après +993,436.0,2.0,43602,MTS TM,438
TR,TUR,Turquie,Proche-Orient,90,+90,90,10,10,12,12,10,10,^90\d{10}$,^\+90\d{10}$,10 chiffres après +90,286.0,1.0,28601,Turkcell,286
TR,TUR,Turquie,Proche-Orient,90,+90,90,10,10,12,12,10,10,^90\d{10}$,^\+90\d{10}$,10 chiffres après +90,286.0,2.0,28602,Vodafone TR,286
TR,TUR,Turquie,Proche-Orient,90,+90,90,10,10,12,12,10,10,^90\d{10}$,^\+90\d{10}$,10 chiffres après +90,286.0,3.0,28603,Turk Telekom,286
TV,TUV,Tuvalu,Océanie,688,+688,688,7,12,10,15,7,12,"^688\d{7,12}$","^\+688\d{7,12}$",E.164 générique (7-12 chiffres),,,,,
UA,UKR,Ukraine,Europe de l'Est,380,+380,380,9,9,12,12,9,9,^380\d{9}$,^\+380\d{9}$,9 chiffres après +380,255.0,1.0,25501,Kyivstar,255
UA,UKR,Ukraine,Europe de l'Est,380,+380,380,9,9,12,12,9,9,^380\d{9}$,^\+380\d{9}$,9 chiffres après +380,255.0,2.0,25502,Vodafone UA,255
UA,UKR,Ukraine,Europe de l'Est,380,+380,380,9,9,12,12,9,9,^380\d{9}$,^\+380\d{9}$,9 chiffres après +380,255.0,6.0,25506,lifecell,255
UY,URY,Uruguay,Amérique du Sud,598,+598,598,7,12,10,15,7,12,"^598\d{7,12}$","^\+598\d{7,12}$",E.164 générique (7-12 chiffres),748.0,7.0,74807,Antel,748
VU,VUT,Vanuatu,Océanie,678,+678,678,7,12,10,15,7,12,"^678\d{7,12}$","^\+678\d{7,12}$",E.164 générique (7-12 chiffres),541.0,1.0,54101,DigiCel VU,541
VA,VAT,Vatican,Europe du Sud,3906698,+3906698,3906698,7,12,14,19,7,12,"^3906698\d{7,12}$","^\+3906698\d{7,12}$",E.164 générique (7-12 chiffres),,,,,
VE,VEN,Venezuela,Amérique du Sud,58,+58,58,7,12,9,14,7,12,"^58\d{7,12}$","^\+58\d{7,12}$",E.164 générique (7-12 chiffres),734.0,1.0,73401,Movistar VE,734
VN,VNM,Vietnam,Asie du Sud-Est,84,+84,84,7,12,9,14,7,12,"^84\d{7,12}$","^\+84\d{7,12}$",E.164 générique (7-12 chiffres),452.0,1.0,45201,Mobifone,452
VN,VNM,Vietnam,Asie du Sud-Est,84,+84,84,7,12,9,14,7,12,"^84\d{7,12}$","^\+84\d{7,12}$",E.164 générique (7-12 chiffres),452.0,2.0,45202,Vinaphone,452
WF,WLF,Wallis-et-Futuna,Océanie,681,+681,681,7,12,10,15,7,12,"^681\d{7,12}$","^\+681\d{7,12}$",E.164 générique (7-12 chiffres),,,,,
YE,YEM,Yémen,Proche-Orient,967,+967,967,9,9,12,12,9,9,^967\d{9}$,^\+967\d{9}$,9 chiffres après +967,421.0,1.0,42101,SabaFon,421
YE,YEM,Yémen,Proche-Orient,967,+967,967,9,9,12,12,9,9,^967\d{9}$,^\+967\d{9}$,9 chiffres après +967,421.0,2.0,42102,MTN YE,421
ZM,ZMB,Zambie,Afrique australe,260,+260,260,7,12,10,15,7,12,"^260\d{7,12}$","^\+260\d{7,12}$",E.164 générique (7-12 chiffres),645.0,1.0,64501,Airtel ZM,645
ZW,ZWE,Zimbabwe,Afrique australe,263,+263,263,7,12,10,15,7,12,"^263\d{7,12}$","^\+263\d{7,12}$",E.164 générique (7-12 chiffres),648.0,1.0,64801,NetOne,648
EG,EGY,Égypte,Afrique du Nord,20,+20,20,10,10,12,12,10,10,^20\d{10}$,^\+20\d{10}$,10 chiffres après +20,602.0,1.0,60201,Orange EG,602
EG,EGY,Égypte,Afrique du Nord,20,+20,20,10,10,12,12,10,10,^20\d{10}$,^\+20\d{10}$,10 chiffres après +20,602.0,2.0,60202,Vodafone EG,602
EG,EGY,Égypte,Afrique du Nord,20,+20,20,10,10,12,12,10,10,^20\d{10}$,^\+20\d{10}$,10 chiffres après +20,602.0,3.0,60203,Etisalat EG,602
AE,ARE,Émirats arabes unis,Proche-Orient,971,+971,971,9,9,12,12,9,9,^971\d{9}$,^\+971\d{9}$,9 chiffres après +971,424.0,2.0,42402,Etisalat,424
AE,ARE,Émirats arabes unis,Proche-Orient,971,+971,971,9,9,12,12,9,9,^971\d{9}$,^\+971\d{9}$,9 chiffres après +971,424.0,3.0,42403,du,424
EC,ECU,Équateur,Amérique du Sud,593,+593,593,7,12,10,15,7,12,"^593\d{7,12}$","^\+593\d{7,12}$",E.164 générique (7-12 chiffres),740.0,0.0,74000,Claro EC,740
ER,ERI,Érythrée,Afrique de l'Est,291,+291,291,7,12,10,15,7,12,"^291\d{7,12}$","^\+291\d{7,12}$",E.164 générique (7-12 chiffres),,,,,657
US,USA,États-Unis,Amérique du Nord,1,+1,1,10,10,11,11,10,10,^1\d{10}$,^\+1\d{10}$,10 chiffres après +1,310.0,0.0,31000,Various,310|311|312|313|314|315|316
US,USA,États-Unis,Amérique du Nord,1,+1,1,10,10,11,11,10,10,^1\d{10}$,^\+1\d{10}$,10 chiffres après +1,310.0,10.0,31010,Verizon,310|311|312|313|314|315|316
US,USA,États-Unis,Amérique du Nord,1,+1,1,10,10,11,11,10,10,^1\d{10}$,^\+1\d{10}$,10 chiffres après +1,310.0,30.0,31030,AT&T,310|311|312|313|314|315|316
US,USA,États-Unis,Amérique du Nord,1,+1,1,10,10,11,11,10,10,^1\d{10}$,^\+1\d{10}$,10 chiffres après +1,310.0,120.0,310120,Sprint,310|311|312|313|314|315|316
US,USA,États-Unis,Amérique du Nord,1,+1,1,10,10,11,11,10,10,^1\d{10}$,^\+1\d{10}$,10 chiffres après +1,310.0,160.0,310160,T-Mobile US,310|311|312|313|314|315|316
US,USA,États-Unis,Amérique du Nord,1,+1,1,10,10,11,11,10,10,^1\d{10}$,^\+1\d{10}$,10 chiffres après +1,311.0,480.0,311480,Verizon 2,310|311|312|313|314|315|316
ET,ETH,Éthiopie,Afrique de l'Est,251,+251,251,7,12,10,15,7,12,"^251\d{7,12}$","^\+251\d{7,12}$",E.164 générique (7-12 chiffres),636.0,1.0,63601,Ethio Telecom,636
BV,BVT,Île Bouvet,Antarctique,47,+47,47,7,12,9,14,7,12,"^47\d{7,12}$","^\+47\d{7,12}$",E.164 générique (7-12 chiffres),,,,,
CX,CXR,Île Christmas,Océanie,61,+61,61,7,12,9,14,7,12,"^61\d{7,12}$","^\+61\d{7,12}$",E.164 générique (7-12 chiffres),,,,,
NF,NFK,Île Norfolk,Océanie,672,+672,672,7,12,10,15,7,12,"^672\d{7,12}$","^\+672\d{7,12}$",E.164 générique (7-12 chiffres),,,,,
IM,IMN,Île de Man,Europe de l'Ouest,44,+44,44,7,12,9,14,7,12,"^44\d{7,12}$","^\+44\d{7,12}$",E.164 générique (7-12 chiffres),,,,,
KY,CYM,Îles Caïmans,Amérique centrale et Caraïbes,1345,+1345,1345,7,12,11,16,7,12,"^1345\d{7,12}$","^\+1345\d{7,12}$",E.164 générique (7-12 chiffres),,,,,
CC,CCK,Îles Cocos,Océanie,61,+61,61,7,12,9,14,7,12,"^61\d{7,12}$","^\+61\d{7,12}$",E.164 générique (7-12 chiffres),,,,,
CK,COK,Îles Cook,Océanie,682,+682,682,7,12,10,15,7,12,"^682\d{7,12}$","^\+682\d{7,12}$",E.164 générique (7-12 chiffres),548.0,1.0,54801,Telecom Cook Islands,
FO,FRO,Îles Féroé,Europe du Nord,298,+298,298,7,12,10,15,7,12,"^298\d{7,12}$","^\+298\d{7,12}$",E.164 générique (7-12 chiffres),288.0,1.0,28801,Faroese Telecom,
FK,FLK,Îles Malouines,Amérique du Sud,500,+500,500,7,12,10,15,7,12,"^500\d{7,12}$","^\+500\d{7,12}$",E.164 générique (7-12 chiffres),,,,,
MP,MNP,Îles Mariannes du Nord,Océanie,1670,+1670,1670,7,12,11,16,7,12,"^1670\d{7,12}$","^\+1670\d{7,12}$",E.164 générique (7-12 chiffres),,,,,
MH,MHL,Îles Marshall,Océanie,692,+692,692,7,12,10,15,7,12,"^692\d{7,12}$","^\+692\d{7,12}$",E.164 générique (7-12 chiffres),,,,,
PN,PCN,Îles Pitcairn,Océanie,64,+64,64,7,12,9,14,7,12,"^64\d{7,12}$","^\+64\d{7,12}$",E.164 générique (7-12 chiffres),,,,,
SB,SLB,Îles Salomon,Océanie,677,+677,677,7,12,10,15,7,12,"^677\d{7,12}$","^\+677\d{7,12}$",E.164 générique (7-12 chiffres),540.0,1.0,54001,SolTel,540
TC,TCA,Îles Turques-et-Caïques,Amérique centrale et Caraïbes,1649,+1649,1649,7,12,11,16,7,12,"^1649\d{7,12}$","^\+1649\d{7,12}$",E.164 générique (7-12 chiffres),,,,,
VI,VIR,Îles Vierges américaines,Amérique centrale et Caraïbes,1340,+1340,1340,7,12,11,16,7,12,"^1340\d{7,12}$","^\+1340\d{7,12}$",E.164 générique (7-12 chiffres),,,,,
VG,VGB,Îles Vierges britanniques,Amérique centrale et Caraïbes,1284,+1284,1284,7,12,11,16,7,12,"^1284\d{7,12}$","^\+1284\d{7,12}$",E.164 générique (7-12 chiffres),,,,,
UM,UMI,Îles mineures éloignées des États-Unis,Océanie,268,+268,268,7,12,10,15,7,12,"^268\d{7,12}$","^\+268\d{7,12}$",E.164 générique (7-12 chiffres),,,,,
AX,ALA,Îles Åland,Europe du Nord,35818,+35818,35818,7,12,12,17,7,12,"^35818\d{7,12}$","^\+35818\d{7,12}$",E.164 générique (7-12 chiffres),,,,,
LB,LBN,Liban,Proche-Orient,961.0,+961,961,8.0,8.0,11.0,11.0,8,8,^961\d{8}$,^\+961\d{8}$,8 chiffres après +961,415,1,41501,Alfa,415
LB,LBN,Liban,Proche-Orient,961.0,+961,961,8.0,8.0,11.0,11.0,8,8,^961\d{8}$,^\+961\d{8}$,8 chiffres après +961,415,3,41503,touch,415
